z_nm,pos_with_ramp_mV,pos_no_ramp_mV,neg_with_ramp_mV,neg_no_ramp_mV,membrane_mV,fmp_z_with_ramp
-21.871299999999998,9.321171349519618,-35.44089353755637,-71.98016128127757,-27.218096394201687,-31.32949496587903,0.9520479981341267
-21.675145,8.064566247412488,-36.296045464135524,-71.12462444772466,-26.764012736176568,-31.530029100156046,0.9403041619275769
-21.47899,8.298283290051149,-35.66087524596898,-71.05424172080785,-27.09508318478773,-31.377979215378353,0.9412123260136946
-21.282835,9.933862571598553,-33.62384278889358,-71.7952503684289,-28.237545007936806,-30.930693898415196,0.9544265228909959
-21.086679999999998,11.98264845276829,-31.17360373219589,-72.93506376819671,-29.778811583232635,-30.476207657714262,0.972155628616056
-20.890525,13.828626149293488,-28.926172860142774,-74.22574233865697,-31.470943329220674,-30.198558094681722,0.9895959231406815
-20.69437,16.061750247421678,-26.291595586486615,-75.33801009132539,-32.98466425741707,-29.63812992195184,1.008196819831937
-20.498215,19.16402303035507,-22.787869628025327,-75.8211524431488,-33.86925978476849,-28.328564706396907,1.0281322831472424
-20.30206,22.188365357348324,-19.362074125504083,-75.46615289477322,-33.91571341192092,-26.6388937687125,1.0429742423176727
-20.105905,23.97454712234725,-17.174439184977263,-74.2891053514326,-33.14011904410815,-25.157279114542707,1.0463611229084977
-19.90975,24.29853408020573,-16.448999051590746,-72.61108365077774,-31.863550518981203,-24.156274785285973,1.0388324800796678
-19.713594999999998,23.622887379565157,-16.723192576703394,-71.30976400565861,-30.963684049390082,-23.843438313046736,1.027840241083568
-19.51744,22.563730084488352,-17.38089669625225,-71.13073827968522,-31.186111498944523,-24.283504097598385,1.0209557517661416
-19.321285,21.43114986713647,-18.112023738076225,-72.33132196317317,-32.788148357960466,-25.450086048018342,1.0213338615675205
-19.12513,20.72589360591074,-18.415826823773997,-74.6469807653017,-35.5052603356169,-26.96054357969545,1.030287949049838
-18.928975,21.459612436932694,-17.280654817224065,-76.91829410505188,-38.17802685089512,-27.729340834059595,1.0469963932188286
-18.732819999999997,23.602194651810827,-14.736619426818004,-78.05808687629566,-39.71927279766692,-27.22794611224246,1.0652469063849557
-18.536665,25.51873790941639,-12.418622993684481,-78.04994345024157,-40.112582547140605,-26.265602770412542,1.0758579049452113
-18.340510000000002,25.68341714865872,-11.852490578914209,-77.4853093462827,-39.94940161870982,-25.900946098812014,1.0736340939683349
-18.144354999999997,24.29662276466294,-12.83783178738206,-76.97668382300712,-39.842229270962164,-26.34003052917211,1.063095265796888
-17.9482,22.73027609087177,-14.00272528564526,-76.6365092371438,-39.90350786062668,-26.95311657313597,1.0524947123872554
-17.752045,21.633288896798785,-14.698259304190307,-75.54503755737997,-39.21348935639098,-26.955874330290648,1.0403265421875214
-17.555889999999998,20.359806518432684,-15.570288507028511,-73.0622476457205,-37.13215262025934,-26.351220563643924,1.019441086633382
-17.359735,18.293617644939985,-17.23502420499324,-70.63428993157069,-35.1056480816375,-26.170336143315367,0.9944529357319606
-17.16358,16.015809642708252,-19.11137903169701,-70.13786147183578,-35.010672797430416,-27.06102591456371,0.9790277514403593
-16.967425,14.705179176541249,-20.02055632233606,-71.4030855146254,-36.67735001574809,-28.348953169042076,0.9787752846956477
-16.771269999999998,14.860013441615365,-19.46426888173396,-73.03714417941971,-38.71286185607034,-29.08856536890215,0.9887218063780839
-16.575115,15.806831332546167,-18.115997815275257,-74.28718247595694,-40.36435332813561,-29.240175571705432,1.0009366669418491
-16.37896,16.070104731425047,-17.451271240868426,-75.45681614436644,-41.93544017207292,-29.693355706470676,1.0089038521074551
-16.182805,14.722829374323185,-18.397093422442325,-77.03174906572508,-43.91182626895959,-31.154459845700956,1.0101696634152433
-15.986650000000001,12.233296359192483,-20.48517326204509,-78.63040570411209,-45.911936082874576,-33.19855467245983,1.005216252817156
-15.790494999999998,9.434473915555113,-22.88254253015446,-79.47224504521816,-47.155228599508504,-35.018885564831486,0.9943351237476126
-15.594339999999999,6.975212131782817,-24.940351138398842,-79.73126578281494,-47.81570251263323,-36.37802682551604,0.9821014428453221
-15.398185000000002,5.551206762739918,-25.962903331913797,-80.51456700998257,-49.000456915328755,-37.481680123621274,0.9785390286097986
-15.202029999999999,5.29363626620011,-25.819020652925683,-82.38133385519384,-51.26867693606814,-38.54384879449691,0.9874864094765445
-15.005875,5.974497008135149,-24.73670673546268,-84.40168766565724,-53.690483922059606,-39.21359532876114,1.002505580644225
-14.809719999999999,7.627215556208753,-22.682535011861123,-85.33517711070222,-55.02542654263235,-38.85398077724673,1.0168852975346816
-14.613565,9.7608761583813,-20.147421234160646,-85.45005093849383,-55.5417535459518,-37.84458739005622,1.0293874971285897
-14.41741,11.213984420117102,-18.2928597968969,-86.06982357480366,-56.562979357789544,-37.42791957734322,1.0409130358868182
-14.221255,11.398343170914691,-17.70704787057136,-87.6844470954623,-58.57905605397637,-38.143051962273866,1.0509156558707209
-14.0251,10.950879128508525,-17.753058737449603,-89.50035170783616,-60.79641384187813,-39.27473628966386,1.0585243973292242
-13.828945,10.85719921280231,-17.445285477627863,-90.33757596490584,-62.03509127447567,-39.74018837605176,1.0626586189976877
-13.63279,11.539678691152766,-16.361352823749456,-89.4792890312268,-61.57825751632463,-38.96980517003704,1.061681102324016
-13.436635,13.168097963764492,-14.331480375609818,-87.0988292579137,-59.59925091853936,-36.96536564707459,1.0574996406940849
-13.24048,15.673943568656298,-11.424181595190044,-83.82511500299022,-56.7269898391439,-34.07558571716697,1.0532301721030475
-13.044324999999997,18.176072427470714,-8.520599560847653,-80.20595373448322,-53.509281746164916,-31.014940653506283,1.0470192989437415
-12.84817,19.596723865357532,-6.698494947432875,-77.15098122120278,-50.855762408412396,-28.777128677922633,1.0379322207061052
-12.652015,19.919737148353896,-5.974028488908556,-75.80800370588246,-49.914238068619994,-27.944133278764276,1.0322610616430152
-12.45586,19.768567216162708,-5.723745245571826,-76.21681755875206,-50.72450509701761,-28.22412517129472,1.0336936017355975
-12.259705,19.54857310683235,-5.542286179374243,-77.30625677666801,-52.2153974904614,-28.87884183491782,1.0385278511643075
-12.06355,19.495901776521347,-5.193504334157287,-78.66908348576928,-53.97967737509067,-29.586590854623974,1.0458125179349758
-11.867395,18.871615485180563,-5.416337449970096,-80.9836371334922,-56.69568419834133,-31.056010824155713,1.0552106661576357
-11.671240000000001,16.772318707945942,-7.114181051676809,-84.29087730905434,-60.40437754943174,-33.759279300554276,1.061927018490421
-11.475085,13.981131688261117,-9.503914895833685,-87.19098067946513,-63.70593409537026,-36.60492449560197,1.0625326102650763
-11.278929999999999,11.331124980575913,-11.752468427990921,-88.49569938264986,-65.41210597408295,-38.582287201036934,1.0550526006555172
-11.082775,8.599631972258107,-14.08250826078079,-88.20788232550167,-65.52574209246279,-39.80412517662179,1.038264769181239
-10.886619999999999,6.248180282980969,-16.03250677452998,-86.77380184730143,-64.4931147897904,-40.262810782160194,1.0172166241778655
-10.690465,5.126099104380928,-16.753134777602096,-84.74283140054645,-62.86359751856337,-39.80836614808273,0.9996851689220458
-10.49431,5.239003556563482,-16.238777149891558,-82.8926125582983,-61.414831851843196,-38.826804500867375,0.9900254319073396
-10.298155,6.593649664643039,-14.482677866284071,-81.98563761714817,-60.9093100862212,-37.69599397625263,0.9925145529129155
-10.102,9.488692878179501,-11.186181477219654,-82.16361320875266,-61.48873885335335,-36.3374601652865,1.0096010132960553
-9.905845,13.244252369172251,-7.02916881069896,-82.62024701601584,-62.3468258361447,-34.68799732342183,1.0330214602508119
-9.70969,16.005374240595316,-3.866593763747932,-82.53168073637632,-62.65971273203308,-33.2631532478905,1.0478812831599158
-9.513535000000001,16.839479264426124,-2.6310355643892143,-82.20158546554492,-62.73107063672954,-32.68105310055938,1.0506836554275172
-9.31738,16.47045504190987,-2.5986066113774995,-82.40407820127815,-63.33501654799072,-32.966811579684105,1.04975771457525
-9.121224999999999,15.097604892038149,-3.570003585721299,-83.40419029913241,-64.736581821373,-34.153292703547145,1.0476852332912336
-8.92507,12.135931966332052,-6.1302233358994105,-84.73679868329684,-66.47064338106553,-36.300433358482465,1.0386273821957381
-8.728915,8.502569986537495,-9.362132140166063,-85.31805554971574,-67.4533534230121,-38.407742781589086,1.0216572051770927
-8.53276,6.209995177141092,-11.253253774034496,-84.64759590096457,-67.18434694978882,-39.21880036191166,1.0051822747932229
-8.336605,5.9415025490177005,-11.120293226629949,-83.69783133614095,-66.63603556049328,-38.87816439356162,0.9984085761653668
-8.140450000000001,7.003529057870004,-9.656813542249678,-83.75021091536456,-67.08986831524481,-38.37334092874725,1.0046048465698245
-7.944294999999999,8.489460695164814,-7.7694287294269335,-85.03593148773278,-68.77704206314108,-38.27323539628401,1.0200156620184715
-7.748140000000001,9.978779719125075,-5.878656529938743,-87.08496550367141,-71.22752925460773,-38.55309289227324,1.0396894527992673
-7.551984999999999,11.431157155492315,-4.024825918043536,-89.50170153204799,-74.04571845851207,-39.03527218827781,1.0612023227571767
-7.35583,12.19916960054487,-2.855360297463028,-91.59256789250247,-76.5380379944945,-39.69669914597877,1.0770981315848915
-7.159675000000002,11.161016411276314,-3.4920603112036726,-92.1228782344319,-77.46980151195181,-40.48093091157775,1.0742744467192444
-6.96352,8.316208843123439,-5.93541470382855,-90.61220932814203,-76.36058578119001,-41.14800024250928,1.0500573231189092
-6.767365000000001,5.549385271435364,-8.30078509998869,-88.31147569901748,-74.46130532759359,-41.38104521379114,1.0218809204213022
-6.571209999999999,4.894040208960496,-8.554676986935606,-86.57619218118626,-73.12747498529022,-40.84107598611291,1.0085886553496175
-6.375055000000001,6.539525565064644,-6.507738455303521,-84.72974176209684,-71.68247774172858,-39.09510809851604,1.0074712584819683
-6.178900000000001,9.015338269986618,-3.630472574853598,-81.30817423190636,-68.66236338706626,-36.14641798095993,1.0022127152127003
-5.9827449999999995,10.47407944163903,-1.7702782276732245,-76.8409436834934,-64.59658601418113,-33.18343212092718,0.9854850484430988
-5.786590000000001,9.633021377614982,-2.209883116169323,-73.41751314525393,-61.57460865146962,-31.89224588381947,0.9617738315006502
-5.590434999999999,6.614371003841,-4.827080314415378,-72.33264073117903,-60.89118941292269,-32.859134863669034,0.9389576094103111
-5.39428,3.116022998468861,-7.923975144259556,-73.30474991742922,-62.264751774700876,-35.09436345948021,0.9249113304129084
-5.198124999999999,0.4286266037776041,-10.209918363422876,-75.09447883712727,-64.45593386992685,-37.33292611667486,0.9199201602570196
-5.00197,-1.8754237819068065,-12.112515573579335,-76.59443169290128,-66.35733990122868,-39.234927737404014,0.9154492534841729
-4.805815000000001,-4.132188659655044,-13.967827275799639,-77.62561440762431,-67.7899757914796,-40.87890153363962,0.9086348268884796
-4.60966,-5.548188037890769,-14.982373478507395,-78.47455938403574,-69.0403739434189,-42.01137371096315,0.9054819166115731
-4.413505000000001,-5.621684505853116,-14.654416770941799,-79.44100442671885,-70.4082721616301,-42.531344466285944,0.910446848951272
-4.217349999999999,-4.9257512556047125,-13.557030345165423,-80.90238505693257,-72.27110596737181,-42.91406815626861,0.9224418481653504
-4.0211950000000005,-4.243342911948634,-12.473168825981427,-82.8190832985564,-74.58925738452344,-43.531213105252434,0.9368932832254426
-3.8250400000000013,-3.6341601420704692,-11.46253288057532,-84.59876514100593,-76.77039240250092,-44.116462641538114,0.9501757403620339
-3.6288849999999995,-2.794628419353104,-10.221547982330003,-85.63373314302284,-78.20681358004605,-44.21418078118802,0.9605982490792914
-3.4327300000000007,-2.0585876859615735,-9.084054073410526,-85.36693268826866,-78.34146630081969,-43.7127601871151,0.9632072976857284
-3.2365749999999993,-1.8940165339275017,-8.518029745848505,-83.36567620979054,-76.74166299786945,-42.62984637185898,0.9529950428781503
-3.04042,-1.5924454709093645,-7.815005507302414,-79.95350229336564,-73.73094225697255,-40.77297388213748,0.9356996093671347
-2.8442650000000014,0.19492431961205295,-5.626182541253068,-75.87651048309463,-70.05540362222948,-37.84079308174127,0.9229689564120144
-2.64811,4.6221296298187315,-0.7975240555184387,-71.17829500478115,-65.75864131944407,-33.27808268748125,0.9214620979140978
-2.4519550000000008,14.445915159911861,9.427714650102626,-62.99047115007186,-57.972270640262636,-24.272277995080003,0.9305582981417098
-2.2557999999999994,37.67053146944639,33.0537841351651,-41.65430130250088,-37.0375539682196,-1.9918849165272459,0.9410583528774753
-2.0596450000000006,87.11990414856676,82.90460998981352,7.404293418051372,11.619587576804696,47.26209878330911,0.9432311388352147
-1.8634900000000016,170.16481472868304,166.35097374545776,91.87366300984667,95.68750399307201,131.01923886926488,0.9353109261668959
-1.667335,274.9952234653915,271.58283565769403,199.44786127063466,202.86024907833223,237.22154236801313,0.920055031564355
-1.471180000000001,370.4603127408942,367.4493781087248,298.54649479379515,301.55742942596396,334.5034037673443,0.8998519629290025
-1.2750249999999994,427.94161200707396,425.33213055043285,361.47236069964777,364.08184215628955,394.70698635336123,0.8695793293751516
-1.0788700000000007,446.2670092737979,444.0589809926845,388.16840944624767,390.37643772736124,417.21770936002287,0.8230372110344849
-0.8827150000000017,449.5147170190227,447.70814191343743,402.41977921746843,404.22635432305333,425.9672481182454,0.7618551463617678
-0.6865600000000001,462.15924010299386,460.7541181729368,428.47069437688054,429.87581630693825,445.3149672399375,0.6873135305751535
-0.4904050000000012,491.96831256451316,490.9646438099837,473.3209235145452,474.32459226907434,482.64461803952906,0.6036823704815031
-0.29424999999999957,529.1195942564559,528.5173786774545,524.7740538539156,525.3762694329178,526.9468240551861,0.5241618775020596
-0.09809500000000071,552.9474367660166,552.7466743625426,561.1709391181703,561.3717015216452,557.0591879420939,0.45427605359404943
0.09806000000000097,545.6186524129832,545.8193431850381,566.4800153838444,566.2793246117906,556.0493338984143,0.384007591706376
0.2942149999999998,506.99991583789017,507.602059785473,541.7448910891742,541.1427471415924,524.3724034635327,0.3068125576872423
0.49036999999999864,455.17867131616043,456.1822684392694,503.5547496209154,502.55115249780613,479.36671046853775,0.23102151406850602
0.6865250000000003,411.98289805210993,413.3879483507484,471.92406316141887,470.51901286278127,441.9534806067648,0.16671784069593387
0.8826799999999991,388.00853850068813,389.81504197485407,457.4059433249642,455.59943985080037,422.70724091282716,0.11413968367555925
1.0788350000000009,375.6878336005695,377.89579025026325,452.6876161993192,450.4796595496244,414.1877248999438,0.07186928609651816
1.2749899999999996,351.6260249436031,354.23543476882463,433.71848498158107,431.1090751563593,392.6722549625919,0.04355321098369751
1.4711449999999986,291.9372243428208,294.94808734357053,376.2871746704722,373.27631166972236,334.11219950664645,0.031001215423081013
1.6673000000000002,195.26211280986715,198.67442898614485,279.83238413840974,276.4200679621321,237.54724847413848,0.029776196543597647
1.863454999999999,87.875693752354,91.68946310415934,171.9822954799423,168.16852612813705,129.9289946161482,0.03235427131955092
2.0596100000000006,1.3897352312028346,5.604957758536396,85.09518532794571,80.87996280061208,43.24246027957423,0.03458473650141403
2.2557649999999994,-50.296817609537484,-45.68014190667598,33.067167680905534,28.450491978043985,-8.614824964315996,0.03648333369688825
2.4519199999999985,-73.53591141618993,-68.51778253780047,9.549656650868455,4.531527772478993,-31.993127382660738,0.03803137656905854
2.648075,-82.39934284447938,-76.97976079056201,0.48559961079088193,-4.933982443126519,-40.95687161684427,0.03914688603549136
2.8442299999999987,-86.70872099141272,-80.88768576196733,-4.123315523118154,-9.944350752563505,-45.41601825726542,0.04081235806341406
3.0403850000000006,-89.88061551716196,-83.6581271121887,-7.800856373890487,-14.023344778863787,-48.840735945526234,0.043623829924873306
3.2365399999999993,-92.47019202267512,-85.84625044217391,-11.214623480232008,-17.83856506073326,-51.842407751453585,0.04820645728323823
3.432694999999998,-94.30405816838339,-87.27866341235396,-14.501538639002352,-21.526933395031538,-54.40279840369275,0.05628563478612574
3.62885,-95.31127457621757,-87.88442664466044,-17.22749378648888,-24.654341718046062,-56.26938418135325,0.06584208830828002
3.8250050000000018,-95.88515961929104,-88.05685851220606,-18.8824252493328,-26.710726356417887,-57.38379243431197,0.07185287379154402
4.02116,-96.34347453821547,-88.11372025560233,-19.659265191369045,-27.88901947398206,-58.0013698647922,0.07362392224049442
4.217314999999999,-96.6987713584295,-88.06756390028853,-20.390344563968974,-29.02155202210996,-58.544557961199246,0.07571333141797046
4.4134699999999984,-96.91454982096207,-87.88188918729317,-22.002019380366587,-31.034680014035494,-59.45828460066433,0.08347473128619755
4.609624999999997,-97.27610610904638,-87.84199229984965,-24.361937915561295,-33.7960517247582,-60.819022012303925,0.09458593480675193
4.805780000000001,-98.0821896902334,-88.24662270550844,-26.33505229845361,-36.170619283178496,-62.20862099434347,0.10107480676740614
5.0019350000000005,-98.79143801180588,-88.5544178515531,-27.30330519968927,-37.54032535994204,-63.04737160574757,0.1025149123346289
5.198089999999999,-98.59493915557756,-87.95646581979682,-27.40068171765086,-38.039155053431585,-62.9978104366142,0.1041489049188186
5.394244999999998,-97.85511761741692,-86.81519110610826,-26.72001082030734,-37.75993733161598,-62.28756421886212,0.10447779164065371
5.590399999999997,-97.52660857208629,-86.08522888524965,-25.10251902250684,-36.543898709343416,-61.314563797296536,0.09731084795069611
5.786555000000002,-97.3051319283015,-85.46229906593715,-23.257308747246036,-35.10014160961064,-60.281220337773895,0.08828263754060219
5.98271,-96.21493228590509,-83.97064624801251,-22.93491042462313,-35.17919646251568,-59.574921355264095,0.0925517317649813
6.178864999999999,-93.87206001022275,-81.22632079680237,-24.83665644763547,-37.48239566105586,-59.35435822892911,0.11615246674286664
6.3750199999999975,-90.1754014017421,-77.12820901279362,-27.718587188116636,-40.76577957706494,-58.946994294929276,0.15273044215256137
6.571174999999997,-85.50988804643748,-72.06124248196124,-29.58690582405974,-43.03555138853602,-57.54839693524863,0.18905955972313118
6.767330000000001,-81.11825899220537,-67.26816025220083,-29.6210758812431,-43.47117462124738,-55.3696674367241,0.2136676880738022
6.963485,-78.11954109428787,-63.86798917875552,-28.84177919428515,-43.09333110981736,-53.480660144286446,0.22600801366215062
7.159639999999999,-76.5450988583191,-61.89209376725895,-28.33901488404633,-42.99201997510652,-52.442056871182736,0.23196670886793158
7.355794999999998,-75.71300312709985,-60.65854486051167,-27.80023063792667,-42.85468890451482,-51.75661688251325,0.23359756614146648
7.551949999999996,-75.28773678612743,-59.83182534401146,-26.59001018102371,-42.04592162313981,-50.938873483575634,0.22923309971451458
7.748105000000001,-75.42128996149148,-59.56392534384736,-25.124619882269762,-40.98198449991371,-50.27295492188053,0.22034272641784267
7.94426,-76.13385520600123,-59.87503741282926,-24.081232486985872,-40.340050280157854,-50.107543846493556,0.2105793578486987
8.140414999999999,-77.38087547071997,-60.720604502020024,-23.22446323842878,-39.88473420712866,-50.302669354574334,0.19888196240389605
8.336569999999998,-78.94744590961712,-61.885721765389306,-21.698004770012126,-38.75972891424,-50.32272533981465,0.18168424275430956
8.532724999999996,-80.21953402972804,-62.75635670997214,-19.183573110974546,-36.64675043073034,-49.701553570351244,0.16063060647712304
8.72888,-80.54526752686898,-62.680637031585206,-16.450625344300548,-34.31525583958427,-48.49794643558474,0.14362386504378385
8.925035,-79.65311582243294,-61.387032151621256,-14.349618067693239,-32.61570173850492,-47.00136694506308,0.13690244088318707
9.121189999999999,-77.75798112107975,-59.09044427474005,-12.949546724220621,-31.617083570560276,-45.35376392265016,0.13965506980866588
9.317344999999998,-75.54925941549102,-56.480269393623416,-12.02066586903573,-31.08965589090335,-43.78496264226339,0.14677118310760312
9.513499999999997,-73.9294966003171,-54.459053402921484,-11.848523658420401,-31.3189668558159,-42.889010129368685,0.1548201778186756
9.709655000000001,-73.18765493609399,-53.315758563170306,-12.748666479940042,-32.620562852863564,-42.96816070801694,0.16394986580445603
9.905809999999999,-73.2236242990176,-52.95027475056602,-13.831628406674561,-34.10497795512601,-43.52762635284601,0.1697713065756834
10.101964999999998,-74.1481135592633,-53.47331083528402,-13.500673403588324,-34.17547612756766,-43.82439348142584,0.16279084207843497
10.298119999999997,-75.53141516744402,-54.45515926793671,-11.46897183211911,-32.54522773162643,-43.50019349978157,0.14380289562013088
10.494275000000002,-76.66454696129661,-55.1868378862613,-9.459906307114325,-30.937615382149616,-43.06222663420546,0.12633179198911987
10.690430000000001,-77.68556026383935,-55.80639801327617,-8.788835746780192,-30.66799799734341,-43.23719800530979,0.11692354370908128
10.886585,-78.97321453256363,-56.69259910647243,-8.715865774140225,-30.996481200231422,-43.84454015335193,0.109358262247896
11.082739999999998,-80.05237998964655,-57.370311388027254,-8.197195861979841,-30.879264463598975,-44.124787925813116,0.10047405018590717
11.278894999999997,-80.39556194577366,-57.312040168626616,-7.035166088029319,-30.118687865176412,-43.71536401690152,0.09210483989953228
11.475050000000001,-80.65188788565425,-57.16691293297926,-5.4117531227228755,-28.896728075397895,-43.03182050418858,0.08165320052772235
11.671205,-81.74852185872442,-57.862093730521565,-3.8149904451811483,-27.701418573384075,-42.78175615195281,0.06667749810449909
11.86736,-83.50190938890105,-59.21402808517017,-3.0674786379925374,-27.35535994172347,-43.28469401344682,0.05277211054923204
12.063514999999999,-85.02059354887852,-60.331259069619676,-3.552895048833248,-28.24222952809213,-44.2867442988559,0.047026981872745496
12.259669999999996,-85.77682581652746,-60.686038161740704,-4.513901795877804,-29.604689450664587,-45.14536380620264,0.048165559685486484
12.455825,-85.81977730891009,-60.32753647859538,-5.010760165672991,-30.503000995987733,-45.415268737291555,0.050689352206889075
12.65198,-85.74683956474034,-59.85314555889747,-4.895508124371004,-30.789202130213745,-45.3211738445556,0.050454078162884886
12.848135,-86.51640227846032,-60.22125509708955,-4.115137612855824,-30.410284794226474,-45.31576994565802,0.041836209438753
13.044289999999998,-88.36219871159757,-61.665598354699114,-2.2341236954276757,-28.930724052326248,-45.298161203512684,0.02111456682990243
13.240444999999998,-90.83733449660086,-63.73928096417428,0.7869848386323837,-26.311068693794123,-45.0251748289842,-0.00944540262313819
13.436600000000002,-94.04560824268856,-66.54610153473399,4.1321937184986215,-23.36731298945588,-44.95670726209494,-0.045883780765381
13.632755,-98.05401642917928,-70.15305654569681,6.722328169611783,-21.178631713870704,-45.66584412978376,-0.08257269954949444
13.828909999999999,-101.63350927428884,-73.3310962152786,8.043811962879378,-20.258601096131006,-46.79484865570481,-0.10982288852661033
14.025064999999998,-103.50722325341499,-74.80335701887657,8.65593365431462,-20.0479325802237,-47.425644799550135,-0.1236445197619868
14.221219999999997,-104.00404703403024,-74.89872762396398,9.633612338949744,-19.47170707111653,-47.18521734754025,-0.13184298178089615
14.417375000000002,-104.44426072711018,-74.937488141516,11.47734167519828,-18.029430910395956,-46.48345952595598,-0.14454205866994183
14.61353,-106.16009650059728,-76.25187073947508,13.93337279129737,-15.974852969824795,-46.11336185464994,-0.16773828454834872
14.809684999999998,-109.54031447657616,-79.2306355399259,16.532326799085816,-13.777352137564305,-46.5039938387451,-0.20098340659371286
15.005839999999997,-113.23543723949979,-82.52430512732167,19.045673933083567,-11.665458179094523,-47.0948816532081,-0.2355034605407281
15.201994999999997,-115.41018068247281,-84.29759539476666,21.35227181224053,-9.76031347546547,-47.028954435116056,-0.2604204121831319
15.398150000000001,-115.57318339879019,-84.05914493555612,23.401522696467318,-8.112515766766661,-46.08583035116139,-0.27272088474773787
15.594305,-114.69477669048402,-82.77928505172184,25.253752577766285,-6.66173906099563,-44.720512056358736,-0.27813549237645946
15.79046,-113.71213685297751,-81.39519203868768,26.80205453737902,-5.514890276910793,-43.455041157799236,-0.28128066136255453
15.986614999999997,-112.16006162739343,-79.44166363757569,27.988538848408933,-4.729859141408852,-42.08576138949226,-0.27924791926949755
16.182769999999998,-109.17024511947093,-76.0503939541251,28.58174555740154,-4.538105607944212,-40.29424978103465,-0.26592239769613285
16.378925000000002,-105.26719880809311,-71.74589446721934,28.173713551689584,-5.347590789184144,-38.54674262820174,-0.24195213472529384
16.57508,-101.40794331596142,-67.48518579955987,27.240814550798138,-6.6819429656035,-37.083564382581685,-0.2153070137263807
16.771234999999997,-97.89141442884797,-63.567203736918096,26.847174528696772,-7.477036163232778,-35.52211995007544,-0.1935658691401798
16.967389999999998,-95.66694643897394,-60.94128257151649,27.068869387142964,-7.656794480314564,-34.29903852591552,-0.18243014041983963
17.163544999999996,-95.79755021925678,-60.67043317627127,26.78261591784627,-8.344501125139208,-34.50746715070524,-0.18156470404810807
17.3597,-97.55016969110125,-62.02159947258787,25.405414239276457,-10.12315597923694,-36.07237772591241,-0.1836520851084462
17.555855,-99.35732162381194,-63.427298229770486,23.78350123755982,-12.146522156481558,-37.78691019312602,-0.18468204224718823
17.75201,-100.52165517423109,-64.19017860466172,22.602393951374825,-13.729082618194491,-38.9596306114281,-0.18458877767908352
17.948164999999996,-101.1167579702311,-64.38382822513393,21.55471083996941,-15.178218905127835,-39.78102356513089,-0.18207236104784613
18.144319999999997,-101.11165747396946,-63.977274553344024,20.598321251453186,-16.536061669172042,-40.25666811125803,-0.17672632729925422
18.340475,-100.20728086768791,-62.67144477153473,20.180539509819365,-17.355296586333814,-40.01337067893428,-0.16937492216170777
18.53663,-98.47068880730406,-60.53339953562278,20.210689736362966,-17.72659953531818,-39.12999953547048,-0.15988684133992231
18.732785,-96.33949069111192,-58.000748243902784,20.021434290957494,-18.317308156251542,-38.15902820007716,-0.14698476023816617
18.928939999999997,-93.99166898031322,-55.25147335757604,19.14739350909873,-19.59280211363826,-37.42213773560715,-0.1290707059054636
19.125094999999995,-91.40946753978228,-52.26781874151741,17.547104233981738,-21.59454456428318,-36.9311816529003,-0.10581540990915965
19.32125,-89.11740658524445,-49.57430461145162,15.350840526291142,-24.192261447501767,-36.883283029476694,-0.08085962981450677
19.517405,-87.72398052623639,-47.77942537691558,12.963401678805013,-26.98115347051584,-37.38028942371571,-0.05983743550487939
19.713559999999998,-86.71126078902991,-46.365252464180976,10.857134083857629,-29.488874240991173,-37.927063352586075,-0.04249538299377683
19.909715,-85.29136395851293,-44.543902458136145,9.239593617791318,-31.50786788258543,-38.02588517036079,-0.025606761307663387
20.105869999999996,-83.7220139658308,-42.57309928992625,8.376817034707337,-32.77209764119735,-37.6725984655618,-0.012083760955670158
20.302025,-82.27014566302789,-40.719777811595186,8.683677645538879,-32.866690205893754,-36.79323400874447,-0.0057173408951972406
20.498179999999998,-80.53491738392319,-38.58309635696267,10.069205493769227,-31.882615533191355,-35.23285594507701,-0.003772952351884341
20.694335,-78.94004182016346,-36.586767617674894,11.88995232599777,-30.463321876490763,-33.52504474708283,-0.005028831578501609
20.890489999999996,-78.53342795037814,-35.77870057236153,13.777709099827392,-28.97701827818909,-32.37785942527531,-0.013264215465310283
21.086644999999997,-78.9407994825291,-35.78461892898471,15.71402809035083,-27.442152463193583,-31.613385696089146,-0.026295497668667924
21.2828,-78.90240567284924,-35.34477194377684,17.30224041518379,-26.25539331388864,-30.80008262883274,-0.03491272858698085
21.478955,-78.34003480409729,-34.38094789949699,17.86803490083476,-26.09105200376559,-30.235999951631285,-0.03493176442705247
21.675109999999997,-78.16356002651321,-33.803019946384836,17.49913678550678,-26.861403294621475,-30.332211620503152,-0.031899406696864974
21.871264999999998,-78.9861541899923,-34.22416093433612,17.28467621395476,-27.477317041701493,-30.850738988018808,-0.03528072363144946
